model,rmse,mae,r2,directional_accuracy
Naive Baseline,3.0716974134833013,1.6308333333333334,0.7307150450135569,83.33333333333334
XGBoost,3.8053912969628922,3.130711018244426,0.5867109802493446,83.33333333333334
Prophet (with regressors),6.365955592491018,5.075538079223088,-0.15659799583250256,66.66666666666666
LightGBM,6.613442877747077,5.950194098753729,-0.24827547926284343,66.66666666666666
Ensemble (XGB + LGB + SARIMAX),9.316848464978975,8.06854574381482,-1.477383779380975,66.66666666666666
"SARIMA(1,1,1)(1,0,1,12)",13.290583830360669,12.07521930208793,-4.041309306309629,50.0
"ARIMA(1,1,1)",13.307239051881004,12.10262013561036,-4.0539523526259185,41.66666666666667
SARIMAX (with macro regressors),18.635300362926845,15.495823161103152,-8.911240625455159,41.66666666666667
